Metric,Value
Accuracy,0.7300319488817891
F1 Score,0.7301408887764816
