Metric,Value
Accuracy,0.5846645367412141
F1 Score,0.5742260700282077
